name,address,stars,contact,phone
Vel Lectus Industries,234-7973 Ultrices Ave,4,Igor Pope,(03) 1787 6007
Ac Nulla In LLC,"906-4592 Nec, Avenue",1,Burke Mccullough,(04) 0831 7880
Non Justo Proin Associates,"Ap #760-1770 Pede, Road",2,Ulric Santana,(04) 0708 3387
Nunc Risus Corporation,Ap #685-4689 Cursus St.,4,Dean Willis,(04) 6819 9956
Mattis Corporation,"Ap #274-9385 Id, Avenue",3,Henry Cabrera,(06) 8263 7017
Aliquet Molestie Tellus Corporation,1740 Purus. Street,5,Nissim Kline,(06) 7460 2747
Odio A Purus Foundation,772-162 Tortor. Avenue,1,Nehru Vargas,(04) 5073 0862
Augue Sed Associates,Ap #452-8891 Cum St.,4,Mason Ramsey,(06) 4104 2563
Fermentum LLP,Ap #450-8786 Quis Street,1,Barry Rice,(03) 4956 2227
In Tincidunt Congue Corporation,771-946 Ornare. Avenue,1,Hu Singleton,(04) 5487 4790
Suscipit Est PC,"480-4794 Quis, Avenue",3,Nicholas Lawrence,(08) 5722 5046
Integer Mollis Integer Ltd,273-7790 Tincidunt Av.,5,Abbot Franco,(08) 8928 8014
Condimentum Donec Incorporated,Ap #348-6518 Quam St.,2,George Flowers,(02) 2426 9067
Fringilla Porttitor Institute,7247 Metus. Rd.,3,Arden Cardenas,(08) 8073 4829
Hendrerit Neque Institute,762-397 Fusce St.,5,Aristotle Murphy,(01) 1774 9302
Augue Sed Molestie LLC,2019 Mollis. Ave,2,Steel Nicholson,(06) 3646 6486
Ad Litora Torquent Company,Ap #584-8867 Suspendisse Av.,3,Xander Montoya,(05) 4799 1421
Interdum Sed Inc.,Ap #561-6041 Iaculis Rd.,1,Mannix Sloan,(05) 9384 5336
Molestie Dapibus Incorporated,"P.O. Box 644, 9623 Suspendisse Street",1,Aristotle Mcgee,(02) 6288 4207
Posuere LLC,"P.O. Box 664, 4957 Tellus St.",4,Magee William,(08) 6544 5567
Cursus Purus Nullam LLC,"P.O. Box 841, 2791 Pede, St.",4,Ferris Eaton,(05) 5450 1205
Egestas Urna Justo PC,"P.O. Box 542, 7828 Phasellus Av.",2,Martin Shelton,(03) 2296 0369
Et Corp.,"Ap #545-2819 Mauris, Avenue",1,Ulric Wilson,(07) 9890 0264
Natoque Penatibus Et Corp.,Ap #356-3118 Ipsum Rd.,4,Rigel Farmer,(01) 6642 2831
Nec Cursus A Consulting,"P.O. Box 233, 3957 Orci St.",4,Victor Foster,(05) 9620 5296
Mauris Blandit Foundation,"P.O. Box 438, 6971 Risus Ave",2,Mohammad Owen,(05) 5273 7101
Vel Company,"P.O. Box 426, 2518 Gravida Av.",4,Bevis Glenn,(09) 8995 7035
Luctus Ut Pellentesque Company,7129 Mollis. Ave,1,Nathan Cochran,(03) 2046 2271
Donec Tincidunt Donec Consulting,563-9367 Amet Ave,4,Rooney Higgins,(03) 3278 6060
Faucibus Incorporated,603-3473 Venenatis Avenue,1,Kuame Phelps,(08) 8020 3996
Semper Auctor Corporation,"236-1364 Ut, Road",1,Caleb Juarez,(07) 3319 2626
Libero Nec Ligula Limited,157-5073 Varius. Rd.,4,Justin Leblanc,(02) 5271 3545
Congue Turpis In Incorporated,"P.O. Box 614, 2234 At St.",2,Hayes Raymond,(06) 9752 3089
Porttitor Consulting,"P.O. Box 944, 6133 Sed Avenue",1,Henry Patterson,(07) 1600 5009
Donec Est Nunc Inc.,"P.O. Box 166, 3692 Arcu Street",5,Fuller Rich,(04) 1440 9904
Non Lacinia Foundation,"P.O. Box 939, 1541 Sem. St.",3,Xenos Wiley,(01) 6460 0317
Elit A Feugiat Institute,Ap #509-1768 At Rd.,4,Alan Avila,(09) 6133 1222
In Tincidunt Company,"248-7303 A, Rd.",4,Oliver Sharp,(09) 2296 4354
Molestie In Corporation,"P.O. Box 518, 1419 Etiam Road",5,Seth Flynn,(07) 2500 9814
Scelerisque Dui Corporation,5293 Cras Street,1,Brian Lawson,(03) 5458 3782
Neque Et Corp.,"P.O. Box 666, 895 Mi St.",5,Yuli Harvey,(04) 7157 2736
Tristique Senectus Ltd,"P.O. Box 489, 7348 Dignissim Avenue",1,Elvis Boyer,(08) 7987 3777
Sit Amet Institute,Ap #240-2219 Libero Street,4,Zachery Hill,(06) 8046 3866
At Foundation,Ap #465-8432 Luctus Road,5,Dustin Mcgee,(05) 7660 8491
Sociosqu Ad Inc.,2320 Sed St.,1,Yoshio Stewart,(04) 6743 7767
Sociis Corp.,"P.O. Box 749, 127 Ut Av.",1,Macaulay Mcdowell,(04) 0890 9713
Praesent Eu Ltd,666-3753 Nisl. Avenue,2,Conan Aguilar,(02) 0236 2826
Id Ante Industries,491-7966 Turpis Av.,3,Darius Mcfarland,(03) 3213 7746
Aliquam Arcu Associates,"P.O. Box 801, 9258 Dapibus St.",2,Palmer Sharpe,(06) 1289 2497
Metus Urna Incorporated,"P.O. Box 849, 6677 Mi Ave",4,Rafael Shaffer,(05) 6563 9993
Dapibus Rutrum Justo Institute,Ap #973-7931 Lacus Rd.,4,Timon Dale,(05) 1344 2450
Aliquet Metus Foundation,790-2314 Nunc Ave,1,Harrison Guzman,(02) 1450 6508
Dignissim Tempor Company,"P.O. Box 542, 717 Neque Street",1,Zahir Ashley,(03) 4739 4727
Massa Quisque Porttitor Industries,1479 Orci. St.,1,Erasmus Myers,(02) 5349 7495
Massa Lobortis Ltd,"P.O. Box 998, 8971 Urna Ave",4,Isaac Riley,(08) 8635 1838
Elit Limited,893 Luctus Av.,3,Wade Bentley,(05) 8147 4474
Amet Risus Incorporated,Ap #612-5471 Amet Rd.,3,Dolan Nieves,(04) 1133 2587
Commodo Industries,853-6860 Semper Road,1,Mohammad Brown,(01) 8393 1012
Nunc Ltd,Ap #708-7516 Bibendum. St.,5,Sean Holt,(09) 8028 2643
Rhoncus Ltd,"P.O. Box 234, 1843 Fringilla Rd.",4,Barry Hurley,(01) 1564 0566
Sed Inc.,"4121 Eu, Av.",5,Gray Klein,(01) 6698 3644
Non Leo Inc.,Ap #166-3879 Felis. Avenue,2,Travis Saunders,(04) 7750 3047
Velit Aliquam Nisl Company,910-1331 Felis St.,3,Leo Powell,(08) 5415 5345
Eu Elit Nulla Institute,Ap #891-2021 Nonummy. St.,2,Yoshio Matthews,(09) 0910 6398
Leo Cras LLP,"918-5852 A, Road",5,Adrian Witt,(04) 7487 9761
Eu Ltd,1825 Laoreet Road,5,Blake Hunt,(03) 9033 1259
Sollicitudin Orci Company,2550 Quisque St.,5,Hop Knight,(07) 6641 7357
Varius Orci Ltd,777-8392 Neque Avenue,3,Elliott Powell,(06) 3137 0344
Litora Torquent Ltd,"P.O. Box 785, 6933 Nulla. Rd.",1,Chester Powell,(01) 4545 6418
Dapibus Quam Corp.,380-348 Mattis. Street,5,Dominic Crosby,(08) 4263 5388
Lacinia Vitae Sodales Foundation,770-3548 Risus St.,2,David Pope,(02) 9663 2856
In Inc.,887-1345 Nulla Road,5,Barrett Grant,(03) 3118 4536
Pede LLP,Ap #176-1665 Libero St.,4,Jamal Hines,(01) 4113 5873
Quam Industries,"103-9241 Montes, Ave",1,Dexter Irwin,(02) 5798 5593
Augue LLC,"374-5035 Nec, St.",2,Ian Padilla,(08) 6262 8406
Nascetur Foundation,"P.O. Box 546, 9576 Nullam Ave",2,Jesse Richmond,(08) 1832 9650
Aliquam Erat Consulting,Ap #418-210 Fusce Rd.,2,Graiden Sparks,(01) 5940 9754
Nisl Maecenas LLC,"P.O. Box 964, 5285 Orci, Rd.",5,Basil Peters,(01) 7309 7634
Pharetra Sed Hendrerit Consulting,Ap #379-3716 Dui. Av.,4,Jerome Donaldson,(07) 3318 7617
Euismod Mauris Industries,6100 Dui. Street,5,Kasper Armstrong,(04) 7355 9021
Nunc Mauris Sapien PC,318-6895 Morbi St.,3,Hiram Whitfield,(08) 8398 6814
Quisque Porttitor Eros Ltd,Ap #726-9975 Id Ave,3,Clinton Goodman,(09) 5510 3222
Tempor LLC,Ap #122-4793 Velit. Ave,3,Hector Underwood,(03) 2666 3535
Ornare Lectus Incorporated,222-1965 Sociis Rd.,1,Ryder Bauer,(05) 9865 3044
Erat Eget Incorporated,"P.O. Box 885, 9669 Hymenaeos. Rd.",3,Sawyer Snider,(01) 6878 7883
Diam At Pretium Incorporated,1649 Mi Ave,3,Giacomo Valenzuela,(07) 1032 3214
Eu Limited,Ap #685-1201 Est. Rd.,3,Stone William,(09) 4014 9241
Dictum Ultricies Ligula LLP,629-8985 Suspendisse Road,5,Malik Rodgers,(09) 1623 0114
Lorem Eget Mollis Consulting,Ap #424-9786 Mattis Rd.,1,Tanek Wilder,(06) 9978 0351
A Neque Nullam Institute,952-1463 Ante Av.,5,Mohammad Greene,(03) 9664 8865
Maecenas Iaculis Aliquet PC,Ap #831-274 Ultricies Road,3,Peter Reyes,(06) 3341 2549
Dui Consulting,Ap #456-7040 Mi Road,3,Preston Mclean,(08) 7382 3654
Odio Company,Ap #948-7646 Nec Avenue,1,Evan Logan,(03) 9856 2848
Dolor Nonummy Ac Ltd,637-2294 Vulputate Rd.,1,Cooper Witt,(05) 0446 7682
Dolor Quisque Tincidunt LLC,"P.O. Box 185, 6142 Nec Av.",4,Ivor Walsh,(05) 2060 3351
Sed Corporation,"Ap #419-3900 Eu, Avenue",1,Xenos Walls,(05) 2407 2973
Duis Elementum Dui Corporation,703-4045 Sem. Ave,1,Griffith Baird,(05) 3022 0479
Velit Aliquam Inc.,6023 Eu St.,4,Ezra Stephenson,(03) 8876 5007
Cursus Corporation,"P.O. Box 402, 8252 Blandit Road",5,Fitzgerald Zimmerman,(09) 2742 2335
Molestie Limited,"P.O. Box 676, 3183 Lectus. Av.",5,Malachi Garrett,(03) 4341 0808